"Candidate Name","Workforce Number","Date of birth","Cscs Expiry","Swqr Expiry","Eusr Expiry","CSCS Number","SWQR Number","EUSR Number","NPORS Number","In House Certification Number","N001 Expiry","N003 Expiry","N004 Expiry","N010 Expiry","N020 Expiry","N021 Expiry","N027 Expiry","N100 Expiry","Overall Status","Needs Review","Matrix Notes"
"Adam Mason","PAVE-W0046","4/16/1996","12/18/2027","3/24/2030","6/3/2029","CSCS08131","SW9861","EU11937","113667","IHC-2252","8/18/2026","10/21/2027","3/31/2027",,,,,,,"True",
"Adam Mason","PAVE-W0046","4/16/1996","12/18/2027","3/24/2030","6/3/2029","CSCS08131","SW9861","EU11937","113667","IHC-2252",,,,,,,,,"Expiring Soon","False",
"QA Murphy Candidate 001","QA-MP-001",,,,,,,,,,"7/22/2027","3/22/2027",,,,,,,"Compliant","False","PAVE_TEST_DATA | Murphy Plant Portal QA"
"QA Murphy Candidate 002","QA-MP-002",,,,,,,,,,"9/5/2026",,,"11/19/2026",,,,,"Expiring Soon","False","PAVE_TEST_DATA | Murphy Plant Portal QA"
"QA Murphy Candidate 003","QA-MP-003",,,,,,,,,,,,,,,,"8/21/2026",,"Records to Review","True","PAVE_TEST_DATA | Murphy Plant Portal QA"
"QA Murphy Candidate 004","QA-MP-004",,,,,,,,,,,,,,,,,"7/12/2026","Expired","True","PAVE_TEST_DATA | Murphy Plant Portal QA"
" John Murphy Test",,"7/26/2026","9/23/2026",,,,,,,,,,,,,,,,"Expired","True",
"Ali Murphy Test",,"2/1/1992",,,,,,,,,,,,,,,,,"Valid","False",
"Fast Candidate Test",,"3/2/1993",,,,,,,,,,,,,,,,,"Valid","False",
