"ListTitle","ListId","BaseTemplate","BaseType","Hidden","ItemCount","ServerRelativeUrl","Created","LastItemModifiedDate"
"Admin Documents","9de03526-7b4f-4863-a6e7-1bdf1331bea0","101","DocumentLibrary","False","4","/sites/PaveTrainingOperationAdmin/Admin Documents","24/02/2026 2:08:30 pm","10/07/2026 7:19:42 pm"
"Company List","6079c6aa-d657-42a8-9a7b-9c8e074386b4","100","GenericList","False","7","/sites/PaveTrainingOperationAdmin/Lists/Company List","19/02/2026 8:24:46 am","22/07/2026 1:43:38 am"
"CounterList","3c802bc9-dd79-4687-a393-87a93954e6db","100","GenericList","False","132","/sites/PaveTrainingOperationAdmin/Lists/CounterList","27/03/2026 11:09:54 am","13/07/2026 11:34:31 am"
"Customer Documents","c6d55182-5d03-472e-b472-e3ad2c84da6c","101","DocumentLibrary","False","144","/sites/PaveTrainingOperationAdmin/Shared Documents","15/02/2026 1:07:09 am","22/07/2026 7:48:21 pm"
"Departments","6138bc88-b49e-4c46-b4de-5f02fd8da8b0","100","GenericList","False","10","/sites/PaveTrainingOperationAdmin/Lists/Departments","27/03/2026 3:15:44 pm","20/07/2026 1:13:54 pm"
"EUSR Register","aadb1a11-640d-4cdd-925f-0a493af3aedb","100","GenericList","False","3","/sites/PaveTrainingOperationAdmin/Lists/EUSR Register","19/02/2026 9:03:13 am","23/07/2026 3:49:51 pm"
"Events","bcd7931e-5e8d-4494-9df5-0207ea930c0c","106","GenericList","False","6","/sites/PaveTrainingOperationAdmin/Events","19/02/2026 8:24:10 am","22/07/2026 9:54:52 pm"
"Form Templates","c5f27346-c3bc-4098-ac30-a643c47c1aa2","101","DocumentLibrary","False","0","/sites/PaveTrainingOperationAdmin/FormServerTemplates","19/02/2026 8:24:29 am","07/05/2026 3:59:37 am"
"In-House Certificates Register","aa8e69e0-4bf8-4ac2-a14c-6db121bc4863","100","GenericList","False","2","/sites/PaveTrainingOperationAdmin/Lists/InHouse Certificates Register","19/02/2026 9:12:54 am","23/07/2026 3:48:09 pm"
"NPORS Categories","663428f3-d7a8-4ec6-af6f-a22a1a7af36f","100","GenericList","False","132","/sites/PaveTrainingOperationAdmin/Lists/NPORS Categories","20/07/2026 2:38:17 pm","22/07/2026 1:43:38 am"
"NPORS Register","a0c8ef27-dac2-4a07-92ea-af140c9ca5d6","100","GenericList","False","8","/sites/PaveTrainingOperationAdmin/Lists/NPORS Register","19/02/2026 8:45:38 am","23/07/2026 3:12:22 pm"
"NRSWA Register","9bdcf9b0-31f9-45b9-b3c8-29a699482eb4","100","GenericList","False","3","/sites/PaveTrainingOperationAdmin/Lists/NRSWA Register","19/02/2026 8:52:50 am","23/07/2026 3:52:29 pm"
"NVQ Register","77c99635-016f-49b6-a3d8-b1ef501edab6","100","GenericList","False","2","/sites/PaveTrainingOperationAdmin/Lists/NVQ Register","19/02/2026 9:34:49 am","23/07/2026 3:43:02 pm"
"Offers / Promotions","8e887fc7-0404-47e3-977c-e6e24e0b85c6","100","GenericList","False","1","/sites/PaveTrainingOperationAdmin/Lists/Offers  Promotions","17/07/2026 2:32:20 pm","22/07/2026 4:00:21 pm"
"Permissions List","68ca20bb-5246-4dd0-89ea-9f0ea382d99d","100","GenericList","False","15","/sites/PaveTrainingOperationAdmin/Lists/Organisational Roles List","19/02/2026 9:42:09 am","22/07/2026 7:01:40 am"
"Site Assets","795629ca-c15b-498a-b351-0bbdd15ddd15","101","DocumentLibrary","False","47","/sites/PaveTrainingOperationAdmin/SiteAssets","19/02/2026 8:24:08 am","23/07/2026 12:27:36 pm"
"Site Pages","dd3fb5a1-cc14-4eac-a12f-159491636d53","119","DocumentLibrary","False","8","/sites/PaveTrainingOperationAdmin/SitePages","15/02/2026 1:07:10 am","22/07/2026 7:01:35 am"
"Style Library","b3a62449-860c-4f53-a854-1233f6bb6a89","101","DocumentLibrary","False","0","/sites/PaveTrainingOperationAdmin/Style Library","15/02/2026 1:07:06 am","15/02/2026 1:07:06 am"
"Training Course Categories","d6cfbbf5-08b0-42d0-9dc3-9b7c676d7a2f","100","GenericList","False","0","/sites/PaveTrainingOperationAdmin/Lists/Training Course Categories","23/07/2026 3:54:07 pm","23/07/2026 3:58:14 pm"
"Training Delivery","0317d7f9-054e-4df2-8063-c78936d3671f","101","DocumentLibrary","False","6","/sites/PaveTrainingOperationAdmin/Training Delivery","17/07/2026 2:14:36 pm","17/07/2026 8:23:46 pm"
"Training Manager Logs","fb63ea17-5d7e-4c0e-9715-f180d27b492b","100","GenericList","False","123","/sites/PaveTrainingOperationAdmin/Lists/Training Manager Logs","04/04/2026 11:42:41 am","23/07/2026 1:30:55 am"
"Training Matrix","4d565241-0574-4d0d-90e6-51a637fcf7cb","100","GenericList","False","6","/sites/PaveTrainingOperationAdmin/Lists/Training Matrix","16/07/2026 1:52:55 am","22/07/2026 9:54:43 pm"
"Training Matrix Category Records","c27d8582-f6b7-4f57-8589-55c8925f2e42","100","GenericList","False","0","/sites/PaveTrainingOperationAdmin/Lists/Training Matrix Category Records","20/07/2026 2:31:00 pm","20/07/2026 4:27:46 pm"
"Workforce List","dd110a2d-a447-4b0e-aec7-c3ff9980bfc9","100","GenericList","False","56","/sites/PaveTrainingOperationAdmin/Lists/Workforce List","19/02/2026 8:30:55 am","22/07/2026 9:54:38 pm"
