Header,InternalName,Type
"Name",CandidateNameText,Text
"DOB",DOB,DateTime
"CSCS Expiry",CSCSExpiry,DateTime
"SSSTS Expiry",SSSTSExpiry,DateTime
"SMSTS Expiry",SMSTSExpiry,DateTime
"NRSWA Expiry",NRSWAExpiry,DateTime
"EUSR Expiry",EUSRExpiry,DateTime
"Face ift",FaceFitExpiry,DateTime
"N001 - Ind FLT",N001Expiry,DateTime
"N003 - Reach Lift Truck",N003Expiry,DateTime
"N004 - Lorry Mounted Lift Truck",N004Expiry,DateTime
"N006 - Side Loader",N006Expiry,DateTime
"N009 - Rough Terrain Lift Truck",N009Expiry,DateTime
"N010 - Telescopic Handler",N010Expiry,DateTime
"N135 - Multi Di Lift Truck",N135Expiry,DateTime
"N108 - MEWP Boom",N108Expiry,DateTime
"N109 - MEWP Scissor",N109Expiry,DateTime
"N111 - Hoist",N111Expiry,DateTime
"N119 - Mast Climber",N119Expiry,DateTime
"N706 - Mobile Towers",N706Expiry,DateTime
"N014 - Marine Knuckle Boom Crane",N014Expiry,DateTime
"N019 - Report of  Thorough Exam",N019Expiry,DateTime
"N039 - Plant Inspector – Thorough Exam",N039Expiry,DateTime
"N046 - Rigging Planner",N046Expiry,DateTime
"N047 - Rigging",N047Expiry,DateTime
"N100 - Exc Crane",N100Expiry,DateTime
"N101 - Mobile Crane",N101Expiry,DateTime
"N102 - Tower Crane",N102Expiry,DateTime
"N103 - Crawler Crane",N103Expiry,DateTime
"N104 - Overhead Crane",N104Expiry,DateTime
"N105 - Quay Crane",N105Expiry,DateTime
"N106 - Log Handler",N106Expiry,DateTime
"N107 - Lorry Loader",N107Expiry,DateTime
"N114 - Overhead Container Gantry Crane",N114Expiry,DateTime
"N115 - Remote Control Tower Crane",N115Expiry,DateTime
"N138 - Tele Suspended Loads",N138Expiry,DateTime
"N140 - Compact Crane",N140Expiry,DateTime
"N242 - Side Boom",N242Expiry,DateTime
"N401 - Appointed Person",N401Expiry,DateTime
"N402 - Slinger / Signaller",N402Expiry,DateTime
"N405 - Crane / Lift Supervisor",N405Expiry,DateTime
"N722 - Materials Re-Handler",N722Expiry,DateTime
"N016 - Micro Excavator 360° up to 1 Tonne",N016Expiry,DateTime
"N020 - Tiltrotator System",N020Expiry,DateTime
"N021 - Suction Excavator",N021Expiry,DateTime
"N030 - Machine Control Systems",N030Expiry,DateTime
"N116 - Dragline",N116Expiry,DateTime
"N139 - Forward Tipping Mini Dumper up to 1 Tonne",N139Expiry,DateTime
"N201 - Excavator 180°",N201Expiry,DateTime
"N202 - Excavator 360°",N202Expiry,DateTime
"N203 - Trencher",N203Expiry,DateTime
"N204 - Forward Tipping Dumper",N204Expiry,DateTime
"N205 - Rear Tipping Dumper",N205Expiry,DateTime
"N206 - Loader Compressor",N206Expiry,DateTime
"N209 - Loading Shovel",N209Expiry,DateTime
"N212 - Skidsteer Loader",N212Expiry,DateTime
"N215 - Dozer",N215Expiry,DateTime
"N223 - Scraper",N223Expiry,DateTime
"N224 - Landfill Compactor",N224Expiry,DateTime
"N240 - Grader",N240Expiry,DateTime
"N241 - Pay Welder",N241Expiry,DateTime
"N601 - Agricultural Tractor",N601Expiry,DateTime
"N726 - Quick Hitch Awareness",N726Expiry,DateTime
"N214 - Road Roller",N214Expiry,DateTime
"N216 - Road Planer",N216Expiry,DateTime
"N217 - Road Sweeper",N217Expiry,DateTime
"N220 - Paver",N220Expiry,DateTime
"N244 - Chipper",N244Expiry,DateTime
"N609 - Winching & Recovery",N609Expiry,DateTime
"N802 - Gritter / Snowplough",N802Expiry,DateTime
"N027 - Excavation Marshal - Banksperson",N027Expiry,DateTime
"N029 - Refuse Collection Vehicle",N029Expiry,DateTime
"N120 - Plant Loader & Securer",N120Expiry,DateTime
"N210 - Tow Tractor",N210Expiry,DateTime
"N219 - Skip Loader",N219Expiry,DateTime
"N225 - Multi Lift & Drop – Hook Loader Vehicle",N225Expiry,DateTime
"N243 - Shunter Vehicle",N243Expiry,DateTime
"N607 - 4 x 4 Off Road Vehicle",N607Expiry,DateTime
"N608 - All-Terrain Vehicle",N608Expiry,DateTime
"N045 - Safe Use of Mobile Loading Ramps",N045Expiry,DateTime
"N017 - Abrasive Wheels – Hand Held Cut off Saw",N017Expiry,DateTime
"N025 - Concrete Cutting Chainsaw",N025Expiry,DateTime
"N301A - Abrasive Wheels Awareness",N301AExpiry,DateTime
"N301 - Abrasive Wheels with Practical Cutting / Grinding",N301Expiry,DateTime
"N302 - Bench Saw",N302Expiry,DateTime
"N303 - Circular Saw",N303Expiry,DateTime
"N304 - Cable Avoidance Tool",N304Expiry,DateTime
"N602 - Chainsaw – Maintenance and Cross Cutting",N602Expiry,DateTime
"N603 - Wood Chipper / Shredder",N603Expiry,DateTime
"N604 - Grass Cutters / Mowers",N604Expiry,DateTime
"N605 - Strimmer / Brushcutter",N605Expiry,DateTime
"N606 - Stump Grinder",N606Expiry,DateTime
"N610 - Hand Held Hedge Trimmer",N610Expiry,DateTime
"N710 - Cartridge Tools",N710Expiry,DateTime
"N048 - Powered Handheld Breaker",N048Expiry,DateTime
"N033 - Puller Winch",N033Expiry,DateTime
"N038 - High Pressure Water Jetting",N038Expiry,DateTime
"N049 - Shoring (Install, Inspect, Remove)",N049Expiry,DateTime
"N050 - 3D GPS Machine Control System",N050Expiry,DateTime
"N015 - Soil Displacement Hammer",N015Expiry,DateTime
"N022 - Piling Rig Attendant",N022Expiry,DateTime
"N026 - Roll Crusher – Packer",N026Expiry,DateTime
"N130 - Horizontal Directional Drilling Rig",N130Expiry,DateTime
"N207 - Crusher",N207Expiry,DateTime
"N208 - Screener",N208Expiry,DateTime
"N211 - Concrete Pump (Mobile)",N211Expiry,DateTime
"N221 - Piling Rig",N221Expiry,DateTime
"N721 - Static Concrete Placing Boom",N721Expiry,DateTime
"N040 - Soil Stabiliser",N040Expiry,DateTime
"N041 - Post Rammer",N041Expiry,DateTime
"N031 - Asbestos Awareness",N031Expiry,DateTime
"N034 - Plant Supervisor Awareness",N034Expiry,DateTime
"N035 - MEWP Supervisor Awareness",N035Expiry,DateTime
"N036 - FLT Supervisor Awareness",N036Expiry,DateTime
"N132 - Plant Mover – Non Operational Duties",N132Expiry,DateTime
"N133 - Plant Machinery Marshal",N133Expiry,DateTime
"N403 - Vehicle Marshal",N403Expiry,DateTime
"N404 - Safe Working at Height",N404Expiry,DateTime
"N702A - Confined Spaces – Low Risk",N702AExpiry,DateTime
"N702B - Confined Spaces – Medium Risk",N702BExpiry,DateTime
"N702C - Confined Spaces – High Risk",N702CExpiry,DateTime
"N703 - Fire Warden",N703Expiry,DateTime
"N704 - Manual Handling",N704Expiry,DateTime
"N711 - Safe Use of Ladders and Ladders",N711Expiry,DateTime
"N714 - Safety at Street and Road Works",N714Expiry,DateTime
"N723 - Harness and Fall Arrest",N723Expiry,DateTime