Display Name,Internal Name,Type,Notes
"CSCS Expiry",CSCSExpiry,Date and Time (Date Only),"Not on Training Matrix list yet"
"SSSTS Expiry",SSSTSExpiry,Date and Time (Date Only),"Not on Training Matrix list yet"
"SMSTS Expiry",SMSTSExpiry,Date and Time (Date Only),"Not on Training Matrix list yet"
"NRSWA Expiry",NRSWAExpiry,Date and Time (Date Only),"Not on Training Matrix list yet"
"EUSR Expiry",EUSRExpiry,Date and Time (Date Only),"Not on Training Matrix list yet"
"N006 - Side Loader",N006Expiry,Date and Time (Date Only),"Stored in Category Records until this column is added"
"N009 - Rough Terrain Lift Truck",N009Expiry,Date and Time (Date Only),"Stored in Category Records until this column is added"
"N135 - Multi Di Lift Truck",N135Expiry,Date and Time (Date Only),"Stored in Category Records until this column is added"
"N108 - MEWP Boom",N108Expiry,Date and Time (Date Only),"Stored in Category Records until this column is added"
"N109 - MEWP Scissor",N109Expiry,Date and Time (Date Only),"Stored in Category Records until this column is added"
"N111 - Hoist",N111Expiry,Date and Time (Date Only),"Stored in Category Records until this column is added"
"N119 - Mast Climber",N119Expiry,Date and Time (Date Only),"Stored in Category Records until this column is added"
"N706 - Mobile Towers",N706Expiry,Date and Time (Date Only),"Stored in Category Records until this column is added"
"N014 - Marine Knuckle Boom Crane",N014Expiry,Date and Time (Date Only),"Stored in Category Records until this column is added"
"N019 - Report of  Thorough Exam",N019Expiry,Date and Time (Date Only),"Stored in Category Records until this column is added"
"N039 - Plant Inspector – Thorough Exam",N039Expiry,Date and Time (Date Only),"Stored in Category Records until this column is added"
"N046 - Rigging Planner",N046Expiry,Date and Time (Date Only),"Stored in Category Records until this column is added"
"N047 - Rigging",N047Expiry,Date and Time (Date Only),"Stored in Category Records until this column is added"
"N101 - Mobile Crane",N101Expiry,Date and Time (Date Only),"Stored in Category Records until this column is added"
"N102 - Tower Crane",N102Expiry,Date and Time (Date Only),"Stored in Category Records until this column is added"
"N103 - Crawler Crane",N103Expiry,Date and Time (Date Only),"Stored in Category Records until this column is added"
"N104 - Overhead Crane",N104Expiry,Date and Time (Date Only),"Stored in Category Records until this column is added"
"N105 - Quay Crane",N105Expiry,Date and Time (Date Only),"Stored in Category Records until this column is added"
"N106 - Log Handler",N106Expiry,Date and Time (Date Only),"Stored in Category Records until this column is added"
"N107 - Lorry Loader",N107Expiry,Date and Time (Date Only),"Stored in Category Records until this column is added"
"N114 - Overhead Container Gantry Crane",N114Expiry,Date and Time (Date Only),"Stored in Category Records until this column is added"
"N115 - Remote Control Tower Crane",N115Expiry,Date and Time (Date Only),"Stored in Category Records until this column is added"
"N138 - Tele Suspended Loads",N138Expiry,Date and Time (Date Only),"Stored in Category Records until this column is added"
"N140 - Compact Crane",N140Expiry,Date and Time (Date Only),"Stored in Category Records until this column is added"
"N242 - Side Boom",N242Expiry,Date and Time (Date Only),"Stored in Category Records until this column is added"
"N401 - Appointed Person",N401Expiry,Date and Time (Date Only),"Stored in Category Records until this column is added"
"N402 - Slinger / Signaller",N402Expiry,Date and Time (Date Only),"Stored in Category Records until this column is added"
"N405 - Crane / Lift Supervisor",N405Expiry,Date and Time (Date Only),"Stored in Category Records until this column is added"
"N722 - Materials Re-Handler",N722Expiry,Date and Time (Date Only),"Stored in Category Records until this column is added"
"N016 - Micro Excavator 360° up to 1 Tonne",N016Expiry,Date and Time (Date Only),"Stored in Category Records until this column is added"
"N030 - Machine Control Systems",N030Expiry,Date and Time (Date Only),"Stored in Category Records until this column is added"
"N116 - Dragline",N116Expiry,Date and Time (Date Only),"Stored in Category Records until this column is added"
"N139 - Forward Tipping Mini Dumper up to 1 Tonne",N139Expiry,Date and Time (Date Only),"Stored in Category Records until this column is added"
"N201 - Excavator 180°",N201Expiry,Date and Time (Date Only),"Stored in Category Records until this column is added"
"N202 - Excavator 360°",N202Expiry,Date and Time (Date Only),"Stored in Category Records until this column is added"
"N203 - Trencher",N203Expiry,Date and Time (Date Only),"Stored in Category Records until this column is added"
"N204 - Forward Tipping Dumper",N204Expiry,Date and Time (Date Only),"Stored in Category Records until this column is added"
"N205 - Rear Tipping Dumper",N205Expiry,Date and Time (Date Only),"Stored in Category Records until this column is added"
"N206 - Loader Compressor",N206Expiry,Date and Time (Date Only),"Stored in Category Records until this column is added"
"N209 - Loading Shovel",N209Expiry,Date and Time (Date Only),"Stored in Category Records until this column is added"
"N212 - Skidsteer Loader",N212Expiry,Date and Time (Date Only),"Stored in Category Records until this column is added"
"N215 - Dozer",N215Expiry,Date and Time (Date Only),"Stored in Category Records until this column is added"
"N223 - Scraper",N223Expiry,Date and Time (Date Only),"Stored in Category Records until this column is added"
"N224 - Landfill Compactor",N224Expiry,Date and Time (Date Only),"Stored in Category Records until this column is added"
"N240 - Grader",N240Expiry,Date and Time (Date Only),"Stored in Category Records until this column is added"
"N241 - Pay Welder",N241Expiry,Date and Time (Date Only),"Stored in Category Records until this column is added"
"N601 - Agricultural Tractor",N601Expiry,Date and Time (Date Only),"Stored in Category Records until this column is added"
"N726 - Quick Hitch Awareness",N726Expiry,Date and Time (Date Only),"Stored in Category Records until this column is added"
"N214 - Road Roller",N214Expiry,Date and Time (Date Only),"Stored in Category Records until this column is added"
"N216 - Road Planer",N216Expiry,Date and Time (Date Only),"Stored in Category Records until this column is added"
"N217 - Road Sweeper",N217Expiry,Date and Time (Date Only),"Stored in Category Records until this column is added"
"N220 - Paver",N220Expiry,Date and Time (Date Only),"Stored in Category Records until this column is added"
"N244 - Chipper",N244Expiry,Date and Time (Date Only),"Stored in Category Records until this column is added"
"N609 - Winching & Recovery",N609Expiry,Date and Time (Date Only),"Stored in Category Records until this column is added"
"N802 - Gritter / Snowplough",N802Expiry,Date and Time (Date Only),"Stored in Category Records until this column is added"
"N029 - Refuse Collection Vehicle",N029Expiry,Date and Time (Date Only),"Stored in Category Records until this column is added"
"N120 - Plant Loader & Securer",N120Expiry,Date and Time (Date Only),"Stored in Category Records until this column is added"
"N210 - Tow Tractor",N210Expiry,Date and Time (Date Only),"Stored in Category Records until this column is added"
"N219 - Skip Loader",N219Expiry,Date and Time (Date Only),"Stored in Category Records until this column is added"
"N225 - Multi Lift & Drop – Hook Loader Vehicle",N225Expiry,Date and Time (Date Only),"Stored in Category Records until this column is added"
"N243 - Shunter Vehicle",N243Expiry,Date and Time (Date Only),"Stored in Category Records until this column is added"
"N607 - 4 x 4 Off Road Vehicle",N607Expiry,Date and Time (Date Only),"Stored in Category Records until this column is added"
"N608 - All-Terrain Vehicle",N608Expiry,Date and Time (Date Only),"Stored in Category Records until this column is added"
"N045 - Safe Use of Mobile Loading Ramps",N045Expiry,Date and Time (Date Only),"Stored in Category Records until this column is added"
"N017 - Abrasive Wheels – Hand Held Cut off Saw",N017Expiry,Date and Time (Date Only),"Stored in Category Records until this column is added"
"N025 - Concrete Cutting Chainsaw",N025Expiry,Date and Time (Date Only),"Stored in Category Records until this column is added"
"N301A - Abrasive Wheels Awareness",N301AExpiry,Date and Time (Date Only),"Stored in Category Records until this column is added"
"N301 - Abrasive Wheels with Practical Cutting / Grinding",N301Expiry,Date and Time (Date Only),"Stored in Category Records until this column is added"
"N302 - Bench Saw",N302Expiry,Date and Time (Date Only),"Stored in Category Records until this column is added"
"N303 - Circular Saw",N303Expiry,Date and Time (Date Only),"Stored in Category Records until this column is added"
"N304 - Cable Avoidance Tool",N304Expiry,Date and Time (Date Only),"Stored in Category Records until this column is added"
"N602 - Chainsaw – Maintenance and Cross Cutting",N602Expiry,Date and Time (Date Only),"Stored in Category Records until this column is added"
"N603 - Wood Chipper / Shredder",N603Expiry,Date and Time (Date Only),"Stored in Category Records until this column is added"
"N604 - Grass Cutters / Mowers",N604Expiry,Date and Time (Date Only),"Stored in Category Records until this column is added"
"N605 - Strimmer / Brushcutter",N605Expiry,Date and Time (Date Only),"Stored in Category Records until this column is added"
"N606 - Stump Grinder",N606Expiry,Date and Time (Date Only),"Stored in Category Records until this column is added"
"N610 - Hand Held Hedge Trimmer",N610Expiry,Date and Time (Date Only),"Stored in Category Records until this column is added"
"N710 - Cartridge Tools",N710Expiry,Date and Time (Date Only),"Stored in Category Records until this column is added"
"N048 - Powered Handheld Breaker",N048Expiry,Date and Time (Date Only),"Stored in Category Records until this column is added"
"N033 - Puller Winch",N033Expiry,Date and Time (Date Only),"Stored in Category Records until this column is added"
"N038 - High Pressure Water Jetting",N038Expiry,Date and Time (Date Only),"Stored in Category Records until this column is added"
"N049 - Shoring (Install, Inspect, Remove)",N049Expiry,Date and Time (Date Only),"Stored in Category Records until this column is added"
"N050 - 3D GPS Machine Control System",N050Expiry,Date and Time (Date Only),"Stored in Category Records until this column is added"
"N015 - Soil Displacement Hammer",N015Expiry,Date and Time (Date Only),"Stored in Category Records until this column is added"
"N022 - Piling Rig Attendant",N022Expiry,Date and Time (Date Only),"Stored in Category Records until this column is added"
"N026 - Roll Crusher – Packer",N026Expiry,Date and Time (Date Only),"Stored in Category Records until this column is added"
"N130 - Horizontal Directional Drilling Rig",N130Expiry,Date and Time (Date Only),"Stored in Category Records until this column is added"
"N207 - Crusher",N207Expiry,Date and Time (Date Only),"Stored in Category Records until this column is added"
"N208 - Screener",N208Expiry,Date and Time (Date Only),"Stored in Category Records until this column is added"
"N211 - Concrete Pump (Mobile)",N211Expiry,Date and Time (Date Only),"Stored in Category Records until this column is added"
"N221 - Piling Rig",N221Expiry,Date and Time (Date Only),"Stored in Category Records until this column is added"
"N721 - Static Concrete Placing Boom",N721Expiry,Date and Time (Date Only),"Stored in Category Records until this column is added"
"N040 - Soil Stabiliser",N040Expiry,Date and Time (Date Only),"Stored in Category Records until this column is added"
"N041 - Post Rammer",N041Expiry,Date and Time (Date Only),"Stored in Category Records until this column is added"
"N031 - Asbestos Awareness",N031Expiry,Date and Time (Date Only),"Stored in Category Records until this column is added"
"N034 - Plant Supervisor Awareness",N034Expiry,Date and Time (Date Only),"Stored in Category Records until this column is added"
"N035 - MEWP Supervisor Awareness",N035Expiry,Date and Time (Date Only),"Stored in Category Records until this column is added"
"N036 - FLT Supervisor Awareness",N036Expiry,Date and Time (Date Only),"Stored in Category Records until this column is added"
"N132 - Plant Mover – Non Operational Duties",N132Expiry,Date and Time (Date Only),"Stored in Category Records until this column is added"
"N133 - Plant Machinery Marshal",N133Expiry,Date and Time (Date Only),"Stored in Category Records until this column is added"
"N403 - Vehicle Marshal",N403Expiry,Date and Time (Date Only),"Stored in Category Records until this column is added"
"N404 - Safe Working at Height",N404Expiry,Date and Time (Date Only),"Stored in Category Records until this column is added"
"N702A - Confined Spaces – Low Risk",N702AExpiry,Date and Time (Date Only),"Stored in Category Records until this column is added"
"N702B - Confined Spaces – Medium Risk",N702BExpiry,Date and Time (Date Only),"Stored in Category Records until this column is added"
"N702C - Confined Spaces – High Risk",N702CExpiry,Date and Time (Date Only),"Stored in Category Records until this column is added"
"N703 - Fire Warden",N703Expiry,Date and Time (Date Only),"Stored in Category Records until this column is added"
"N704 - Manual Handling",N704Expiry,Date and Time (Date Only),"Stored in Category Records until this column is added"
"N711 - Safe Use of Ladders and Ladders",N711Expiry,Date and Time (Date Only),"Stored in Category Records until this column is added"
"N714 - Safety at Street and Road Works",N714Expiry,Date and Time (Date Only),"Stored in Category Records until this column is added"
"N723 - Harness and Fall Arrest",N723Expiry,Date and Time (Date Only),"Stored in Category Records until this column is added"